{
  "$schema": "http://json-schema.org/draft-07/schema#",
  "title": "Schema for Roll Report Data",
  "type": "object",
  "properties": {
    "AvgLineSpeed": {
      "type": "number",
      "title": "Average Line Speed",
      "description": "Average line speed during the roll production.",
      "x-unitgroup": "SPEED"
    },
    "MeasItems": {
      "type": "array",
      "items": {
        "type": "object",
        "properties": {
          "Average": {
            "type": "number",
            "title": "Average Measurement",
            "description": "Average product measurement value during the roll production.",
            "x-unitgroup": "THICK"
          },
          "HighAlarm": {
            "type": "number",
            "title": "Alarm Upper Threshold",
            "description": "Product measurement value above which causes an alarm event.",
            "x-unitgroup": "THICK"
          },
          "HighWarning": {
            "type": "number",
            "title": "Warning Upper Threshold",
            "description": "Product measurement value above which causes a warning event.",
            "x-unitgroup": "THICK"
          },
          "LowAlarm": {
            "type": "number",
            "title": "Alarm Lower Threshold",
            "description": "Product measurement value below which causes an alarm event.",
            "x-unitgroup": "THICK"
          },
          "LowWarning": {
            "type": "number",
            "title": "Warning Lower Threshold",
            "description": "Product measurement value below which causes a warning event.",
            "x-unitgroup": "THICK"
          },
          "MaxCW": {
            "type": "number",
            "title": "Maximum Cross-Web Position",
            "description": "Maximum cross-web position detected during the roll production.",
            "x-unitgroup": "LENGTH"
          },
          "MaxValue": {
            "type": "number",
            "title": "Maximum Measurement",
            "description": "Maximum product measurement value detected during the roll production.",
            "x-unitgroup": "THICK"
          },
          "MeasID": {
            "type": "string",
            "title": "Measurement Identifier",
            "description": "Identification of the measured product characteristic."
          },
          "MeasName": {
            "type": "string",
            "title": "Measurement Name",
            "description": "Descriptive name of the measured product characteristic."
          },
          "MinCW": {
            "type": "number",
            "title": "Minimum Cross-Web Position",
            "description": "Minimum cross-web position detected for this roll production.",
            "x-unitgroup": "LENGTH"
          },
          "MinValue": {
            "type": "number",
            "title": "Minimum Measurement",
            "description": "Minimum product measurement value detected for this roll production.",
            "x-unitgroup": "THICK"
          },
          "NumScans": {
            "type": "number",
            "title": "Scan Count",
            "description": "Count of cross-web scans during the roll production."
          },
          "ProfileData": {
            "type": "string",
            "title": "Average Profile Data",
            "description": "Encoded average cross-web measurements collected during the roll production."
          },
          "ProfileSize": {
            "type": "number",
            "title": "Profile Data Item Count",
            "description": "Count of data items in the ProfileData for this production roll."
          },
          "Roll#": {
            "type": "number",
            "title": "Internal Roll Number",
            "description": "Internal identifying count for this production roll."
          },
          "Sigma": {
            "type": "number",
            "title": "3-Sigma Percentage",
            "description": "Percentage of measurement values within 3-sigma of the mean for this production roll.",
            "x-unitgroup": "SCALAR"
          },
          "Target": {
            "type": "number",
            "title": "Target Data Value",
            "description": "Expected measurement value for this production roll.",
            "x-unitgroup": "THICK"
          }
        },
        "required": [
          "Average",
          "HighAlarm",
          "HighWarning",
          "LowAlarm",
          "LowWarning",
          "MaxCW",
          "MaxValue",
          "MeasID",
          "MeasName",
          "MinCW",
          "MinValue",
          "NumScans",
          "ProfileData",
          "ProfileSize",
          "Roll#",
          "Sigma",
          "Target"
        ]
      }
    },
    "ProductName": {
      "type": "string",
      "title": "Product Name",
      "description": "Name of product for this production roll."
    },
    "Roll#": {
      "type": "number",
      "title": "Internal Roll Number",
      "description": "Internal identifying count for this production roll."
    },
    "RollEndTime": {
      "type": "string",
      "title": "Roll End Time",
      "description": "UTC time at end of this production roll.",
      "format": "date-time"
    },
    "RollFootage": {
      "type": "number",
      "title": "Roll Length",
      "description": "Length in standard internal units of this production roll.",
      "x-unitgroup": "DIST"
    },
    "RollStartTime": {
      "type": "string",
      "title": "Roll Start Time",
      "description": "UTC time at start of this production roll.",
      "format": "date-time"
    },
    "Scrap": {
      "type": "number",
      "title": "Roll Scrap Length",
      "description": "Length in standard internal units of scrap for this production roll.",
      "x-unitgroup": "DIST"
    }
  },
  "required": [
    "AvgLineSpeed",
    "MeasItems",
    "ProductName",
    "Roll#",
    "RollEndTime",
    "RollFootage",
    "RollStartTime",
    "Scrap"
  ]
}
